{
      "dancetrack0026": {
            "wx": 20.11668359375,
            "wy": 12.031015625,
            "a1": 0.333125,
            "a2": 0.5,
            "vmax": 0.001,
            "conf_thresh": 0.65,
            "high_score": 0.29999999999999993,
            "cdt": 30.0,
            "b1": 0.0,
            "a3": 0.5834375,
            "OBJ": -50.904311863606765
      }
}