{
      "dancetrack0004": {
            "wx": 5.0,
            "wy": 0.001,
            "a1": 0.90571875,
            "a2": 0.7,
            "vmax": 0.001,
            "t_m": 2.0,
            "conf_thresh": 0.5,
            "high_score": 0.6,
            "t1": 0.9,
            "t2": 0.5325,
            "OBJ": -95.47647602369791
      },
      "dancetrack0005": {
            "wx": 0.001,
            "wy": 0.001,
            "a1": 0.221375,
            "a2": 0.7,
            "vmax": 0.001,
            "t_m": 2.0,
            "conf_thresh": 0.5,
            "high_score": 0.6,
            "t1": 0.01,
            "t2": 0.9,
            "OBJ": -99.16899263229166
      },
      "dancetrack0007": {
            "wx": 0.001,
            "wy": 5.0,
            "a1": 0.14718749999999997,
            "a2": 0.7,
            "vmax": 0.001,
            "t_m": 2.0,
            "conf_thresh": 0.5,
            "high_score": 0.6,
            "t1": 0.9,
            "t2": 0.99,
            "OBJ": -98.89549498697916
      },
      "dancetrack0010": {
            "wx": 5.0,
            "wy": 5.0,
            "a1": 0.14718749999999997,
            "a2": 0.7,
            "vmax": 0.001,
            "t_m": 2.0,
            "conf_thresh": 0.5,
            "high_score": 0.6,
            "t1": 0.9,
            "t2": 0.99,
            "OBJ": -91.78599548697916
      },
      "dancetrack0014": {
            "wx": 0.001,
            "wy": 10.6248125,
            "a1": 0.4933125,
            "a2": 0.5314375,
            "vmax": 0.2821562499999999,
            "t_m": 18.777083333333334,
            "conf_thresh": 0.5,
            "high_score": 0.6,
            "t1": 0.9,
            "t2": 0.99,
            "OBJ": -48.13143963072917
      },
      "dancetrack0018": {
            "wx": 10.6248125,
            "wy": 5.0,
            "a1": 0.90571875,
            "a2": 0.7,
            "vmax": 0.001,
            "t_m": 2.0,
            "conf_thresh": 0.5,
            "high_score": 0.6,
            "t1": 0.9,
            "t2": 0.9,
            "OBJ": -90.48516411744791
      },
      "dancetrack0019": {
            "wx": 10.6248125,
            "wy": 10.6248125,
            "a1": 0.99,
            "a2": 0.7,
            "vmax": 0.001,
            "t_m": 39.4875,
            "conf_thresh": 0.5,
            "high_score": 0.6,
            "t1": 0.9,
            "t2": 0.99,
            "OBJ": -87.83134960416666
      },
      "dancetrack0025": {
            "wx": 2.18759375,
            "wy": 2.18759375,
            "a1": 0.1,
            "a2": 0.7,
            "vmax": 0.001,
            "t_m": 2.0,
            "conf_thresh": 0.5,
            "high_score": 0.6,
            "t1": 0.9,
            "t2": 0.9,
            "OBJ": -98.58980907291667
      },
      "dancetrack0026": {
            "wx": 0.001,
            "wy": 2.18759375,
            "a1": 0.1,
            "a2": 0.36287499999999995,
            "vmax": 0.001,
            "t_m": 2.0,
            "conf_thresh": 0.5,
            "high_score": 0.6,
            "t1": 0.9,
            "t2": 0.99,
            "OBJ": -46.39590236979166
      },
      "dancetrack0030": {
            "wx": 0.001,
            "wy": 0.001,
            "a1": 0.1,
            "a2": 0.7,
            "vmax": 0.001,
            "t_m": 2.0,
            "conf_thresh": 0.5,
            "high_score": 0.6,
            "t1": 0.5325,
            "t2": 0.9,
            "OBJ": -99.92099566666667
      },
      "dancetrack0034": {
            "wx": 27.499250000000004,
            "wy": 16.249625,
            "a1": 0.8214375,
            "a2": 0.7,
            "vmax": 0.001,
            "t_m": 0.03333333333333333,
            "conf_thresh": 0.5,
            "high_score": 0.6,
            "t1": 0.9,
            "t2": 0.99,
            "OBJ": -57.459104193229166
      },
      "dancetrack0035": {
            "wx": 0.001,
            "wy": 5.0,
            "a1": 0.40003124999999995,
            "a2": 0.7,
            "vmax": 0.001,
            "t_m": 2.0,
            "conf_thresh": 0.5,
            "high_score": 0.6,
            "t1": 0.9,
            "t2": 0.99,
            "OBJ": -66.56848866588541
      },
      "dancetrack0041": {
            "wx": 10.6248125,
            "wy": 5.0,
            "a1": 0.652875,
            "a2": 0.8485000000000001,
            "vmax": 0.001,
            "t_m": 0.03333333333333333,
            "conf_thresh": 0.5,
            "high_score": 0.6,
            "t1": 0.99,
            "t2": 0.7162499999999999,
            "OBJ": -71.39317043854166
      },
      "dancetrack0043": {
            "wx": 5.0,
            "wy": 5.0,
            "a1": 0.7371562500000001,
            "a2": 0.7,
            "vmax": 0.001,
            "t_m": 2.0,
            "conf_thresh": 0.5,
            "high_score": 0.6,
            "t1": 0.9,
            "t2": 0.9,
            "OBJ": -77.09498073776041
      },
      "dancetrack0047": {
            "wx": 0.001,
            "wy": 2.18759375,
            "a1": 0.99,
            "a2": 0.7,
            "vmax": 0.001,
            "t_m": 2.0,
            "conf_thresh": 0.5,
            "high_score": 0.6,
            "t1": 0.71625,
            "t2": 0.9,
            "OBJ": -90.29188011979167
      },
      "dancetrack0058": {
            "wx": 0.001,
            "wy": 0.001,
            "a1": 0.99,
            "a2": 0.7,
            "vmax": 0.001,
            "t_m": 2.0,
            "conf_thresh": 0.5,
            "high_score": 0.6,
            "t1": 0.9,
            "t2": 0.99,
            "OBJ": -99.43997341666666
      },
      "dancetrack0063": {
            "wx": 5.0,
            "wy": 5.0,
            "a1": 0.90571875,
            "a2": 0.7,
            "vmax": 0.001,
            "t_m": 2.0,
            "conf_thresh": 0.5,
            "high_score": 0.6,
            "t1": 0.9,
            "t2": 0.9,
            "OBJ": -81.17097652369792
      },
      "dancetrack0065": {
            "wx": 0.001,
            "wy": 5.0,
            "a1": 0.1,
            "a2": 0.7,
            "vmax": 0.001,
            "t_m": 2.0,
            "conf_thresh": 0.5,
            "high_score": 0.6,
            "t1": 0.9,
            "t2": 0.9,
            "OBJ": -99.85549616666667
      },
      "dancetrack0073": {
            "wx": 0.001,
            "wy": 0.001,
            "a1": 0.437125,
            "a2": 0.511375,
            "vmax": 0.001,
            "t_m": 2.0,
            "conf_thresh": 0.5,
            "high_score": 0.6,
            "t1": 0.01,
            "t2": 0.2550000000000001,
            "OBJ": -94.19598723854166
      },
      "dancetrack0077": {
            "wx": 0.001,
            "wy": 0.001,
            "a1": 0.1,
            "a2": 0.7,
            "vmax": 0.001,
            "t_m": 2.0,
            "conf_thresh": 0.5,
            "high_score": 0.6,
            "t1": 0.9,
            "t2": 0.9,
            "OBJ": -87.99199566666667
      },
      "dancetrack0079": {
            "wx": 13.437218750000001,
            "wy": 13.437218750000001,
            "a1": 0.4843125,
            "a2": 0.7,
            "vmax": 0.001,
            "t_m": 2.0,
            "conf_thresh": 0.5,
            "high_score": 0.6,
            "t1": 0.9,
            "t2": 0.99,
            "OBJ": -97.95654984010416
      },
      "dancetrack0081": {
            "wx": 0.001,
            "wy": 5.0,
            "a1": 0.99,
            "a2": 0.7,
            "vmax": 0.001,
            "t_m": 20.74375,
            "conf_thresh": 0.5,
            "high_score": 0.6,
            "t1": 0.9,
            "t2": 0.99,
            "OBJ": -84.67947391666667
      },
      "dancetrack0090": {
            "wx": 27.499250000000004,
            "wy": 5.0,
            "a1": 0.23146874999999997,
            "a2": 0.7,
            "vmax": 0.001,
            "t_m": 39.4875,
            "conf_thresh": 0.5,
            "high_score": 0.6,
            "t1": 0.9,
            "t2": 0.99,
            "OBJ": -73.75274375494793
      },
      "dancetrack0094": {
            "wx": 5.0,