{
      "dancetrack0026": {
            "wx": 0.001,
            "wy": 7.81240625,
            "a": 0.59375,
            "vmax": 2.7891328125,
            "t_m": 6.268750000000001,
            "OBJ": -49.60275417578125
      }
}