{
      "wx": 0.001,
      "wy": 5.0,
      "a": 0.70875,
      "vmax": 2.6166484375,
      "t_m": 5.7470703125,
      "OBJ": -72.4463012408854
}