{
      "MOT17-02": {
            "wx": 0.5868203125,
            "wy": 0.66865625,
            "a": 11.08984375,
            "vmax": 0.6054335937500002,
            "P": -7.21875,
            "OBJ": -58.63259048763021
      },
      "MOT17-04": {
            "wx": 0.060634765625,
            "wy": 1.349439453125,
            "a": 7.0,
            "vmax": 0.798728515625,
            "P": -9.0,
            "OBJ": -84.89645435579426
      },
      "MOT17-05": {
            "wx": 0.001,
            "wy": 4.487407226562499,
            "a": 10.2724609375,
            "vmax": 0.001,
            "P": -0.111328125,
            "OBJ": -67.30749815152996
      },
      "MOT17-09": {
            "wx": 0.470708984375,
            "wy": 2.874625,
            "a": 8.08984375,
            "vmax": 2.415376953125,
            "P": -9.0,
            "OBJ": -73.40611227278646
      },
      "MOT17-10": {
            "wx": 1.7194062499999982,
            "wy": 3.594031249999999,
            "a": 18.5859375,
            "vmax": 1.624625,
            "P": -8.0,
            "OBJ": -55.11952477864583
      },
      "MOT17-11": {
            "wx": 0.001,
            "wy": 0.43060156250000003,
            "a": 13.5390625,
            "vmax": 0.0712890625,
            "P": 1.796875,
            "OBJ": -70.49938631510416
      },
      "MOT17-13": {
            "wx": 0.3524921875,
            "wy": 3.7697773437500004,
            "a": 41.08984375,
            "vmax": 2.1166484375,
            "P": -16.0,
            "OBJ": -68.36214774544271
      }
}