{
      "dancetrack0004": {
            "wx": 5.0,
            "wy": 5.0,
            "a1": 0.99,
            "a2": 0.7,
            "vmax": 0.001,
            "t_m": 2.0,
            "conf_thresh": 0.5,
            "high_score": 0.6,
            "t1": 0.9,
            "t2": 0.5325,
            "OBJ": -56.58797441666667
      },
      "dancetrack0005": {
            "wx": 7.81240625,
            "wy": 10.6248125,
            "a1": 0.7371562500000001,
            "a2": 0.36287499999999995,
            "vmax": 0.001,
            "t_m": 18.77708333333333,
            "conf_thresh": 0.5,
            "high_score": 0.29999999999999993,
            "t1": 0.9,
            "t2": 0.9,
            "OBJ": -79.86476212838541
      },
      "dancetrack0007": {
            "wx": 5.0,
            "wy": 5.0,
            "a1": 0.1,
            "a2": 0.8685624999999999,
            "vmax": 0.001,
            "t_m": 2.0,
            "conf_thresh": 0.1,
            "high_score": 0.9,
            "t1": 0.9,
            "t2": 0.2550000000000001,
            "OBJ": -68.57499666666666
      },
      "dancetrack0010": {
            "wx": 0.001,
            "wy": 5.0,
            "a1": 0.652875,
            "a2": 0.36287499999999995,
            "vmax": 0.001,
            "t_m": 39.4875,
            "conf_thresh": 0.5,
            "high_score": 0.29999999999999993,
            "t1": 0.9,
            "t2": 0.9,
            "OBJ": -73.67848234479166
      },
      "dancetrack0014": {
            "wx": 10.6248125,
            "wy": 5.0,
            "a1": 0.26856250000000004,
            "a2": 0.9428124999999998,
            "vmax": 0.001,
            "t_m": 0.03333333333333333,
            "conf_thresh": 0.65,
            "high_score": 0.44999999999999996,
            "t1": 0.99,
            "t2": 0.5325,
            "OBJ": -36.986180046354164
      },
      "dancetrack0018": {
            "wx": 7.81240625,
            "wy": 7.81240625,
            "a1": 0.7371562500000001,
            "a2": 0.36287499999999995,
            "vmax": 0.001,
            "t_m": 2.0,
            "conf_thresh": 0.19999999999999996,
            "high_score": 0.44999999999999996,
            "t1": 0.5325,
            "t2": 0.8081250000000001,
            "OBJ": -95.83216833151042
      },
      "dancetrack0019": {
            "wx": 5.0,
            "wy": 5.0,
            "a1": 0.91471875,
            "a2": 0.7,
            "vmax": 0.001,
            "t_m": 2.0,
            "conf_thresh": 0.8,
            "high_score": 0.6,
            "t1": 0.9,
            "t2": 0.99,
            "OBJ": -29.19697629869792
      },
      "dancetrack0025": {
            "wx": 16.249625,
            "wy": 5.0,
            "a1": 0.4933124999999999,
            "a2": 0.8304374999999999,
            "vmax": 0.001,
            "t_m": 2.0,
            "conf_thresh": 0.65,
            "high_score": 0.6,
            "t1": 0.9,
            "t2": 0.9,
            "OBJ": -75.14836202135417
      },
      "dancetrack0026": {
            "wx": 5.0,
            "wy": 3.593796875,
            "a1": 0.999,
            "a2": 0.36287499999999995,
            "vmax": 0.001,
            "t_m": 2.0,
            "conf_thresh": 0.5,
            "high_score": 0.6,
            "t1": 0.9,
            "t2": 0.99,
            "OBJ": -26.794677293229167
      },
      "dancetrack0030": {
            "wx": 5.0,
            "wy": 3.593796875,
            "a1": 0.526453125,
            "a2": 0.7,
            "vmax": 0.001,
            "t_m": 2.0,
            "conf_thresh": 0.5,
            "high_score": 0.6,
            "t1": 0.9,
            "t2": 0.9459375,
            "OBJ": -92.90568910690104
      },
      "dancetrack0034": {
            "wx": 10.6248125,
            "wy": 7.81240625,
            "a1": 0.40003125000000006,
            "a2": 0.36287499999999995,
            "vmax": 0.001,
            "t_m": 0.03333333333333333,
            "conf_thresh": 0.35000000000000026,
            "high_score": 0.37499999999999983,
            "t1": 0.808125,
            "t2": 0.8081250000000001,
            "OBJ": -27.657770556510417
      },
      "dancetrack0035": {
            "wx": 5.0,
            "wy": 5.0,
            "a1": 0.31575,
            "a2": 0.36287499999999995,
            "vmax": 0.001,
            "t_m": 2.0,
            "conf_thresh": 0.5,
            "high_score": 0.675,
            "t1": 0.9,
            "t2": 0.99,
            "OBJ": -51.981991272916666
      },
      "dancetrack0041": {
            "wx": 5.0,
            "wy": 5.0,
            "a1": 0.1,
            "a2": 0.437125,
            "vmax": 3.0,
            "t_m": 0.03333333333333333,
            "conf_thresh": 0.3999999999999999,
            "high_score": 0.9,
            "t1": 0.99,
            "t2": 0.19375,
            "OBJ": -38.2904975
      },
      "dancetrack0043": {
            "wx": 5.0,
            "wy": 5.0,
            "a1": 0.1,
            "a2": 0.437125,
            "vmax": 0.001,
            "t_m": 37.52083333333333,
            "conf_thresh": 0.9,
            "high_score": 0.9,
            "t1": 0.5325,
            "t2": 0.16499999999999992,
            "OBJ": -63.884996666666666
      },
      "dancetrack0047": {
            "wx": 5.0,
            "wy": 19.062031250000004,
            "a1": 0.4933124999999999,
            "a2": 0.999,
            "vmax": 0.001,
            "t_m": 2.0,
            "conf_thresh": 0.8,
            "high_score": 0.6,
            "t1": 0.9,
            "t2": 0.99,
            "OBJ": -44.94495581822917
      },
      "dancetrack0058": {
            "wx": 5.0,
            "wy": 2.18759375,
            "a1": 0.23146874999999997,
            "a2": 0.999,
            "vmax": 0.001,
            "t_m": 2.0,
            "conf_thresh": 0.5,
            "high_score": 0.675,
            "t1": 0.9,
            "t2": 0.99,
            "OBJ": -80.25239958307291
      },
      "dancetrack0063": {
            "wx": 0.001,
            "wy": 5.0,
            "a1": 0.999,
            "a2": 0.7,
            "vmax": 1.624625,
            "t_m": 2.0,
            "conf_thresh": 0.5,
            "high_score": 0.6,
            "t1": 0.9,
            "t2": 0.9,
            "OBJ": -23.622120670833336
      },
      "dancetrack0065": {
            "wx": 24.3751875,
            "wy": 5.0,
            "a1": 0.1,
            "a2": 0.999,
            "vmax": 0.001,
            "t_m": 39.4875,
            "conf_thresh": 0.65,
            "high_score": 0.29999999999999993,
            "t1": 0.9,
            "t2": 0.5325,
            "OBJ": -90.26030907291667
      },
      "dancetrack0073": {
            "wx": 5.0,
            "wy": 5.0,
            "a1": 0.999,
            "a2": 0.36287499999999995,
            "vmax": 0.001,
            "t_m": 2.0,
            "conf_thresh": 0.5,
            "high_score": 0.6,
            "t1": 0.9,
            "t2": 0.440625,
            "OBJ": -49.92297419166666
      },
      "dancetrack0077": {
            "wx": 5.0,
            "wy": 10.6248125,
            "a1": 0.8214375,
            "a2": 0.999,
            "vmax": 0.001,
            "t_m": 2.0,
            "conf_thresh": 0.5,
            "high_score": 0.6,
            "t1": 0.9,
            "t2": 0.99,
            "OBJ": -76.81816622447916
      },
      "dancetrack0079": {
            "wx": 5.0,
            "wy": 5.0,
            "a1": 0.14718749999999997,
            "a2": 0.7,
            "vmax": 0.001,
            "t_m": 0.03333333333333333,
            "conf_thresh": 0.1,
            "high_score": 0.1,
            "t1": 0.9,
            "t2": 0.5325,
            "OBJ": -67.67699548697917
      },
      "dancetrack0081": {
            "wx": 0.001,
            "wy": 5.0,
            "a1": 0.652875,
            "a2": 0.36287499999999995,
            "vmax": 1.6879374999999999,
            "t_m": 2.0,
            "conf_thresh": 0.65,
            "high_score": 0.6,
            "t1": 0.9,
            "t2": 0.99,
            "OBJ": -38.59807656354166
      },