{
      "dancetrack0004": {
            "wx": 1.308716796875,
            "wy": 1.0556523437499998,
            "a": 0.7351171875,
            "vmax": 0.018572265625,
            "t_m": 0.5,
            "OBJ": -91.52378396061198
      },
      "dancetrack0005": {
            "wx": 0.001,
            "wy": 1.3966044921874998,
            "a": 0.64283203125,
            "vmax": 0.001,
            "t_m": 0.5,
            "OBJ": -99.16828429361979
      },
      "dancetrack0007": {
            "wx": 0.001,
            "wy": 4.64844921875,
            "a": 0.65015625,
            "vmax": 0.001,
            "t_m": 0.5,
            "OBJ": -77.34065818815104
      },
      "dancetrack0010": {
            "wx": 0.001,
            "wy": 0.001,
            "a": 1.0,
            "vmax": 0.001,
            "t_m": 0.5,
            "OBJ": -99.36697316666667
      },
      "dancetrack0014": {
            "wx": 0.001,
            "wy": 27.147699218750002,
            "a": 0.74390625,
            "vmax": 0.0010000000000000009,
            "t_m": 0.5,
            "OBJ": -55.89340621940104
      },
      "dancetrack0018": {
            "wx": 0.001,
            "wy": 2.1875937499999996,
            "a": 0.8640234375,
            "vmax": 0.001,
            "t_m": 0.733203125,
            "OBJ": -90.49188326920573
      },
      "dancetrack0019": {
            "wx": 0.42983984375,
            "wy": 5.0,
            "a": 0.937265625,
            "vmax": 0.001,
            "t_m": 4.231249999999999,
            "OBJ": -77.55326081510417
      },
      "dancetrack0025": {
            "wx": 0.001,
            "wy": 24.686843750000005,
            "a": 0.6083984375,
            "vmax": 0.001,
            "t_m": 0.5,
            "OBJ": -98.57964003483073
      },
      "dancetrack0026": {
            "wx": 5.6258125,
            "wy": 30.0,
            "a": 0.63916015625,
            "vmax": 0.001,
            "t_m": 6.268750000000001,
            "OBJ": -49.82717028141276
      },
      "dancetrack0030": {
            "wx": 0.001,
            "wy": 0.001,
            "a": 0.608408203125,
            "vmax": 0.001,
            "t_m": 0.5,
            "OBJ": -99.9209829564616
      },
      "dancetrack0034": {
            "wx": 4.472673828125,
            "wy": 17.480052734375004,
            "a": 0.902109375,
            "vmax": 0.001,
            "t_m": 0.05,
            "OBJ": -59.00300025065104
      },
      "dancetrack0035": {
            "wx": 0.781390625,
            "wy": 13.788769531250002,
            "a": 0.597421875,
            "vmax": 0.001,
            "t_m": 0.05,
            "OBJ": -57.85869915104167
      },
      "dancetrack0041": {
            "wx": 1.4844921875,
            "wy": 11.327914062500001,
            "a": 0.5915625,
            "vmax": 0.001,
            "t_m": 0.05,
            "OBJ": -71.21557817447916
      },
      "dancetrack0043": {
            "wx": 24.990401367187506,
            "wy": 3.5937968750000007,
            "a": 0.5,
            "vmax": 0.001,
            "t_m": 0.26679687500000004,
            "OBJ": -80.83669456754558
      },
      "dancetrack0047": {
            "wx": 0.42983984375,
            "wy": 0.781390625,
            "a": 0.9343359375,
            "vmax": 0.001,
            "t_m": 0.05,
            "OBJ": -98.96337019303385
      },
      "dancetrack0058": {
            "wx": 1.0450537109374998,
            "wy": 0.001,
            "a": 0.970224609375,
            "vmax": 0.001,
            "t_m": 0.5,
            "OBJ": -99.43945188419596
      },
      "dancetrack0063": {
            "wx": 5.6258125,
            "wy": 16.161737304687502,
            "a": 0.765146484375,
            "vmax": 0.001,
            "t_m": 4.231249999999999,
            "OBJ": -68.9880862631022
      },
      "dancetrack0065": {
            "wx": 0.35255078125,
            "wy": 1.1329414062500007,
            "a": 0.6853125,
            "vmax": 0.001,
            "t_m": 0.15019531250000007,
            "OBJ": -99.85723928776042
      },
      "dancetrack0073": {
            "wx": 0.001,
            "wy": 0.001,
            "a": 0.656015625,
            "vmax": 0.001,
            "t_m": 0.5,
            "OBJ": -94.94298176627603
      },
      "dancetrack0077": {
            "wx": 0.001,
            "wy": 2.53914453125,
            "a": 0.620859375,
            "vmax": 0.001,
            "t_m": 0.5,
            "OBJ": -87.99071357291668
      },
      "dancetrack0079": {
            "wx": 0.35255078125,
            "wy": 1.4844921874999994,
            "a": 0.6003515625,
            "vmax": 0.7891328125,
            "t_m": 4.231249999999999,
            "OBJ": -98.40240885904947
      },
      "dancetrack0081": {
            "wx": 0.001,
            "wy": 4.9121123046875,
            "a": 0.79224609375,
            "vmax": 0.001,
            "t_m": 7.962499999999999,
            "OBJ": -77.43952280436197
      },
      "dancetrack0090": {
            "wx": 12.031015625,
            "wy": 25.781390624999997,
            "a": 0.79078125,
            "vmax": 0.001,
            "t_m": 0.05,
            "OBJ": -71.26107319401042
      },
      "dancetrack0094": {
            "wx": 10.547523437499999,
            "wy": 16.9527265625,
            "a": 0.5651953125,
            "vmax": 0.001,
            "t_m": 0.5,
            "OBJ": -61.34023491178385
      },
      "dancetrack0097": {
            "wx": 0.001,
            "wy": 1.4844921875000012,
            "a": 0.60546875,
            "vmax": 0.001,
            "t_m": 0.283203125,
            "OBJ": -98.44124128385415
      }
}