{
      "MOT17-02": {
            "wx": 0.001,
            "wy": 0.2,
            "a": 29.072265625,
            "vmax": 0.25398828125,
            "P": -4.921875,
            "OBJ": -60.65496103645833
      },
      "MOT17-04": {
            "wx": 0.734328125,
            "wy": 0.5439365234375001,
            "a": 7.0,
            "vmax": 0.19248535156250002,
            "P": -9.0,
            "OBJ": -84.93102546321614
      },
      "MOT17-05": {
            "wx": 0.3524921875,
            "wy": 0.5395546875,
            "a": 20.078125,
            "vmax": 0.9920234375,
            "P": -2.8125,
            "OBJ": -67.29222533723959
      },
      "MOT17-09": {
            "wx": 0.44141796875,
            "wy": 3.6947734375,
            "a": 8.08984375,
            "vmax": 0.623005859375,
            "P": -4.5,
            "OBJ": -73.03621048665364
      },
      "MOT17-10": {
            "wx": 1.71940625,
            "wy": 2.0708984375,
            "a": 24.4375,
            "vmax": 0.9850468749999999,
            "P": -3.5,
            "OBJ": -55.63967303776042
      },
      "MOT17-11": {
            "wx": 0.001,
            "wy": 1.016421875,
            "a": 8.08984375,
            "vmax": 1.62936328125,
            "P": -1.25,
            "OBJ": -70.14593124023438
      },
      "MOT17-13": {
            "wx": 0.001,
            "wy": 1.71940625,
            "a": 40.0,
            "vmax": 1.55907421875,
            "P": -4.5,
            "OBJ": -68.32384056835937
      }
}